田,54
藤,31
一,31
村,26
野,23
山,22
中,19
雄,18
佐,17
大,17
川,17
郎,16
子,15
和,15
三,15
二,15
高,14
本,14
木,14
谷,11
真,11
井,11
司,11
伊,10
口,10
吉,9
久,9
生,9
森,9
小,9
彦,9
男,8
治,8
北,8
史,8
恵,8
島,8
太,8
明,8
平,8
正,8
介,7
弘,7
幸,7
健,7
辺,7
之,7
也,7
浦,7
沢,7
千,7
石,7
広,7
崎,7
安,7
夫,7
上,7
松,7
光,6
橋,6
秀,6
金,6
香,6
瀬,6
康,6
長,6
宏,6
清,6
市,6
内,6
西,6
孝,6
浩,6
部,6
勝,6
加,5
博,5
渡,5
倉,5
裕,5
達,5
下,5
岡,5
義,5
飯,5
修,5
原,5
行,5
代,5
隆,5
神,4
貴,4
地,4
豊,4
阿,4
愛,4
祐,4
見,4
有,4
人,4
道,4
宮,4
関,4
晴,4
紀,4
文,4
尾,4
坂,4
塚,4
智,4
利,4
美,4
泰,4
武,4
根,4
津,4
誠,4
昇,4
吾,4
鈴,3
英,3
増,3
昌,3
樹,3
沼,3
梨,3
林,3
室,3
青,3
芳,3
矢,3
堀,3
五,3
俊,3
竹,3
亮,3
東,3
奈,3
々,3
慎,3
志,3
春,3
哉,3
茂,3
葉,3
次,3
勇,3
丸,3
照,3
澤,3
花,3
敏,3
直,3
洋,3
陽,3
南,3
熊,3
則,2
知,2
水,2
章,2
阪,2
未,2
馬,2
成,2
忠,2
畠,2
尚,2
学,2
恒,2
猛,2
座,2
近,2
浜,2
悟,2
哲,2
拓,2
輔,2
植,2
慶,2
泉,2
戸,2
斎,2
八,2
竜,2
理,2
功,2
日,2
敦,2
弥,2
屋,2
里,2
啓,2
星,2
敬,2
彩,2
菜,2
作,2
常,2
富,2
悦,2
基,2
梶,2
沙,2
升,2
永,2
間,2
板,2
優,2
鎮,2
澄,2
さ,2
桐,2
絵,2
か,1
俣,1
将,1
桂,1
天,1
洸,1
聡,1
紅,1
顕,1
桃,1
稲,1
隼,1
由,1
ま,1
糸,1
及,1
涼,1
ど,1
相,1
耶,1
群,1
き,1
百,1
咲,1
く,1
栄,1
ら,1
崇,1
載,1
あ,1
み,1
片,1
こ,1
遠,1
晶,1
多,1
合,1
横,1
と,1
慈,1
出,1
悠,1
翔,1
乃,1
綾,1
総,1
夢,1
亘,1
り,1
初,1
朱,1
早,1
枚,1
斐,1
今,1
甲,1
紗,1
怜,1
黒,1
食,1
堂,1
良,1
瑠,1
門,1
都,1
忍,1
菅,1
岩,1
尋,1
緒,1
嶋,1
菓,1
嗣,1
来,1
牧,1
船,1
江,1
穂,1
ゆ,1
寺,1
環,1
貞,1
気,1
那,1
紫,1
前,1
國,1
持,1
伯,1
嘉,1
徳,1
嶺,1
剱,1
集,1
庄,1
友,1
芹,1
喜,1
賀,1
進,1
米,1
政,1
若,1
け,1
い,1
滝,1
河,1
資,1
延,1
邦,1
晃,1
桜,1
丈,1
浅,1
馨,1
奥,1
力,1
岐,1
荒,1
巻,1
角,1
允,1
萩,1
易,1
淳,1
捨,1
源,1
楯,1
役,1
蓮,1
灘,1
十,1
嵐,1
静,1
元,1
繁,1
爽,1
四,1
柳,1
六,1
幹,1
池,1
虎,1
伸,1
敷,1
郷,1
杉,1
深,1
眞,1
先,1
櫛,1
所,1
卓,1
羽,1
善,1
聖,1
圭,1
能,1
紳,1
士,1
歩,1
主,1
税,1
月,1
佳,1
方,1
保,1
窪,1
規,1
又,1
充,1
純,1
菊,1
果,1
土,1
酒,1
順,1
椎,1
仁,1
坪,1
魁,1
剛,1
淡,1
路,1
信,1
寅,1
玉,1
児,1
依,1
朗,1
克,1
謙,1
脇,1
福,1
映,1
輝,1
者,1
巳,1
用,1
